{
    "File": {
        "Path": "./Data/*_日常突发问题指标监控_*.xlsx",
        "SheetName": "sheet1"
    },
    "Table": {
        "FieldRow": 1,
        "StartRow": 2
    },
    "Columns": [
        { "Field": "开始时间", "Target": "开始时间", "DefaultValue": "" },
        { "Field": "结束时间", "Target": "结束时间", "DefaultValue": "" },
        { "Field": "PLMN", "Target": "PLMN", "DefaultValue": "460-00" },
        { "Field": "eNodeB", "Target": "eNodeB", "DefaultValue": "" },
        { "Field": "小区", "Target": "CellID", "DefaultValue": "" },
        { "Field": "小区名称", "Target": "小区名称", "DefaultValue": "" },
        { "Field": "RRC连接建立最大用户数", "Target": "最大用户数", "DefaultValue": "" },
        { "Field": "集团-上行PRB平均利用率  _1551402310119-1-3", "Target": "上行利用率", "DefaultValue": "" },
        { "Field": "集团-下行PRB平均利用率  _1551402310119-1-4", "Target": "下行利用率", "DefaultValue": "" }
    ],
    "Export": {
        "Database": "./DB/Data.db",
        "Table": "4G指标"
    }
}